<?xml version="1.0" encoding="utf-8"?>
<install type="module" client="administrator" method="upgrade" version="1.6.0" position="cpanel-top" publish="true">
    <name>QuickItem Pro</name>
    <author>AdminPraise</author>
    <creationDate>2011-08-11</creationDate>
    <license>GNU/GPL http://www.gnu.org/copyleft/gpl.html</license>
    <copyright>Copyright (c) Pixel Praise LLC. All rights reserved.</copyright>
    <authorEmail>support@pixelpraise.com</authorEmail>
    <authorUrl>www.adminpraise.com</authorUrl>
    <version>1.5.1-build578</version>
    <description>Module for quickly adding content items from the control panel.</description>
		<languages folder="administrator/language">
			<language tag="en-GB">en-GB/en-GB.mod_quickitem_pro.ini</language>
		</languages>
    <files>
        <filename module="mod_quickitem_pro">mod_quickitem_pro.php</filename>
        <filename>index.html</filename>
        <filename>helper.php</filename>
        <filename>include.php</filename>
        <folder>css</folder>
        <folder>images</folder>
        <folder>js</folder>
        <folder>tmpl</folder>
    </files>
    <params></params>
</install>
